id,truong,phuong_xa,latitude,longitude,ban_kinh_m
389,TIỂU HỌC AN LẠC 2,An Lạc,10.7538525,106.6206698,200
392,TIỂU HỌC AN LẠC 3,An Lạc,10.7389957,106.6131263,200
506,TIỂU HỌC BÌNH TRỊ 2,An Lạc,10.7490461,106.6169734,200
390,TIỂU HỌC LÊ CÔNG PHÉP,An Lạc,10.7375730,106.6212286,200
393,TRUNG HỌC CƠ SỞ AN LẠC,An Lạc,10.7565585,106.6208654,200
380,TIỂU HỌC AN LONG,An Long,11.3511020,106.6905498,200
387,TIỂU HỌC TÂN LONG,An Long,11.3269749,106.6749749,200
374,TIỂU HỌC VÀ TRUNG HỌC CƠ SỞ AN LINH,An Long,11.3683843,106.7253230,200
299,Trường Tiểu học Phú Mỹ Hưng ,An Nhơn Tây,11.1295039,106.4781177,200
294,TIỂU HỌC TÂN THÀNH,Bắc Tân Uyên,11.1396587,106.8435384,200
298,TIỂU HỌC & TRUNG HỌC CƠ SỞ TÂN MỸ,Bắc Tân Uyên,11.0522322,106.8362034,200
303,TRUNG HỌC CƠ SỞ TÂN THÀNH,Bắc Tân Uyên,11.1314347,106.8425767,200
285,TRƯỜNG TIỂU HỌC ĐẤT CUỐC,Bắc Tân Uyên,11.1154880,106.8628576,200
342,TRUNG HỌC CƠ SỞ BÙI VĂN THỦ,Bà Điểm,10.8338591,106.5984131,200
347,TRUNG HỌC CƠ SỞ NGUYỄN VĂN BỨA,Bà Điểm,10.8711332,106.5372014,200
541,TRƯỜNG THPT NGUYỄN HỮU CẦU,Bà Điểm,10.8682637,106.6147724,200
474,MẦM NON HỌA MI,Bà Rịa,10.5061206,107.1755079,200
475,MẦM NON PHƯỚC HIỆP,Bà Rịa,10.4983915,107.1753501,200
476,MẦM NON PHƯỚC NGUYÊN,Bà Rịa,10.5041026,107.1800248,200
507,MẦM NON SƠN CA,Bà Rịa,10.4896750,107.1854722,200
509,THCS PHƯỚC HƯNG,Bà Rịa,10.5132284,107.1789178,200
485,TIỂU HỌC LÊ THÀNH DUY,Bà Rịa,10.4905084,107.1748547,200
427,TH Hòa Bình,Bến Nghé,10.7788997,106.6989168,200
438,THCS Bình Chánh,Bình Chánh,10.6634201,106.5649524,200
435,TH Tân Quý Tây,Bình Chánh,10.6573399,106.5876150,200
552,TH LÊ HỮU TRÁC,Bình Hưng Hòa,11.8584860,107.4895160,200
371,TIỂU HỌC TRIỆU QUANG PHỤC,Bình Hưng Hòa,10.8143118,106.6053188,200
469,Trường Tiểu học Bình Hưng Hòa,Bình Hưng Hòa,10.8225551,106.6053871,200
468,Trường Tiểu học Lạc Hồng,Bình Hưng Hòa,10.7923280,106.5998381,200
284,TRƯỜNG TIỂU HỌC BÌNH KHÁNH,Bình Khánh,10.6609454,106.7774534,200
283,Trường Mầm non Bình Mỹ ,Bình Mỹ,10.9247960,106.6258670,200
288,Trường Tiểu học Bình Mỹ ,Bình Mỹ,10.9266320,106.6341684,200
310,Trường Tiểu học Trung An,Bình Mỹ,10.9953030,106.5935018,200
540,TH NGÔ QUYỀN,Bình Tân,10.8037409,106.5915388,200
293,Trường Tiểu học Ngô Quyền ,Bình Tân,10.8037409,106.5915388,200
309,Trường Tiểu học Trần Cao Vân,Bình Tân,10.7637809,106.5703869,200
467,Trường Tiểu học Trần Văn Ơn ,Bình Tân,10.8222515,106.6003757,200
446,THCS Hoàng Lê Kha ,Bình Tây,10.7525117,106.6414607,200
449,THCS Nguyễn Đức Cảnh,Bình Tây,10.7539293,106.6434208,200
440,THCS Bình Tây,Bình Tiên,10.7472145,106.6515412,200
501,TH Lê Văn Tám,Bình Tiên,10.7620036,106.6775779,200
513,TIỂU HỌC CẦN THẠNH ,Cần Giờ,10.4145110,106.9724782,200
305,TIỂU HỌC ĐỒNG HÒA,Cần Giờ,10.3823917,106.8865643,200
429,TH Lý Nhân Tông,Chánh Hưng,10.7460421,106.6715330,200
434,TH Rạch Ông,Chánh Hưng,10.7449906,106.6889590,200
436,TH Thái Hưng,Chánh Hưng,10.7378389,106.6725150,200
556,THCS CỦ CHI,Củ Chi,10.9416887,106.5406445,200
304,Trường Tiểu học Tân Phú,Củ Chi,10.9598566,106.5461404,200
362,TIỂU HỌC LÝ THƯỜNG KIỆT,Dĩ An,10.9083641,106.7586326,200
365,TIỂU HỌC NGUYỄN THỊ MINH KHAI,Đông Hưng Thuận,10.8412089,106.6157418,200
550,TH TAM ĐÔNG,Đông Thạnh,10.8826776,106.6171185,200
340,TIỂU HỌC VÕ VĂN THẶNG,Đông Thạnh,10.9115122,106.6745029,200
444,THCS Hòa Hưng,Hòa Hưng,10.7817561,106.6722212,200
448,THCS Lạc Hồng,Hòa Hưng,10.7695121,106.6687174,200
454,THCS Trần Phú ,Hòa Hưng,10.7831980,106.6615548,200
321,TIỂU HỌC CẦU XÁNG,Hóc Môn,10.9079038,106.5965208,200
515,TIỂU HỌC MỸ HOÀ ,Hóc Môn,10.8698269,106.6033618,200
338,TIỂU HỌC TRƯƠNG VĂN NGÀI,Hóc Môn,10.8940861,106.5952026,200
345,TRUNG HỌC CƠ SỞ NGUYỄN AN KHƯƠNG,Hóc Môn,10.8883250,106.5861914,200
442,THCS Đa Phước,Hưng Long,10.6742636,106.6511508,200
452,THCS Qui Đức,Hưng Long,10.6406811,106.6452172,200
553,Tiểu học Qui Đức,Hưng Long,10.8075281,106.6255282,200
441,THCS Chi Lăng,Khánh Hội,10.7626857,106.7007008,200
300,TIỂU HỌC & TRUNG HỌC CƠ SỞ TÂN THỚI,Lái Thiêu,10.7822950,106.6732322,200
477,MẦM NON VÀNH KHUYÊN,Long Hương,10.5081980,107.1289789,200
510,MN HƯỚNG DƯƠNG,Long Hương,10.5275566,107.1725134,200
490,TH PHAN BỘI CHÂU,Long Hương,10.5029478,107.1519600,200
482,TIỂU HỌC KIM DINH,Long Hương,10.5056088,107.1317768,200
486,TIỂU HỌC LONG HƯƠNG,Long Hương,10.5002215,107.1645149,200
496,TIỂU HỌC TRẦN VĂN QUAN,Long Hương,10.5264730,107.1723688,200
538,Trường TH Ngãi Giao,Ngã Giao,10.6420847,107.2409136,200
537,TH TẠ UYÊN,Nhà Bè,10.6921269,106.7020431,200
363,TIỂU HỌC NGUYỄN BÌNH,Nhà Bè,10.6753816,106.7417727,200
557,Tiểu Học Nguyễn Hồng Thế,Nhà Bè,10.7033600,106.6843480,200
439,THCS Bình Đông,Phú Định,10.7173697,106.6259043,200
428,TH Lưu Hữu Phước ,Phú Định,10.7188350,106.6284393,200
504,TH Trần Nguyên Hãn,Phú Định,10.7465672,106.6583749,200
378,TIỂU HỌC AN BÌNH A,Phú Giáo,11.3289274,106.8209436,200
379,TIỂU HỌC AN BÌNH B,Phú Giáo,11.3498729,106.8191885,200
385,TIỂU HỌC PHƯỚC VĨNH A,Phú Giáo,11.2921424,106.7935259,200
386,TIỂU HỌC PHƯỚC VĨNH B,Phú Giáo,11.2960172,106.8032347,200
375,TIỂU HỌC & TRUNG HỌC CƠ SỞ TAM LẬP,Phú Giáo,11.2830057,106.8561803,200
306,Trường Tiểu học Tân Thạnh Đông 2,Phú Hòa Đông,10.9604257,106.5973874,200
443,THCS Đoàn Kết,Phú Lâm,10.7586915,106.6287132,200
555,TH HƯNG VIÊT,Phú Lâm,10.7584504,106.6373392,200
539,TH HÒA PHÚ 2,Phú Lợi,10.9852240,106.6870191,200
491,TIỂU HỌC PHƯỚC AN,Phước Thắng,10.4029908,107.1314507,200
492,TIỂU HỌC PHƯỚC THẮNG,Phước Thắng,10.4095144,107.1356430,200
382,TIỂU HỌC AN THÁI,Phước Thành,11.3878915,106.7330357,200
547,TRƯỜNG TRUNG HỌC CƠ SỞ AN PHÚ,Phường An Khánh,10.8074996,106.7514135,200
548,TRƯỜNG TRUNG HỌC CƠ SỞ BÌNH TRƯNG,Phường Bình Trưng,10.7885325,106.7437438,200
549,Trường TH Phước Thạnh,Phường Long Trường,10.8052796,106.8170772,200
526,TIỂU HỌC TÂN HƯƠNG,Phường Phú Thọ Hòa,10.7934697,106.6216721,200
546,TIEU HOC TAN BINH,Phường Tân Đông Hiệp,10.9392237,106.7684256,200
370,TIỂU HỌC TÂN BÌNH,Phường Tân Đông Hiệp,10.9392237,106.7684256,200
554,TRƯỜNG TH KIM ĐỒNG,Phường Tân Thuận,10.7483019,106.7251622,200
524,TIỂU HỌC CHI LĂNG,Phường Thông Tây Hội,10.8344043,106.6603188,200
543,TIỂU HỌC VÕ VĂN TẦN,Phường Trung Mỹ Tây,10.8482453,106.6170246,200
412,TH KIM ĐỒNG,Rạch Dừa,10.3927586,107.1107803,200
489,TH NGUYỄN HỮU CẢNH,Rạch Dừa,10.3842471,107.1115060,200
493,TH THẮNG NHẤT,Rạch Dừa,10.3920232,107.1027621,200
487,TIỂU HỌC LƯU CHÍ HIẾU,Rạch Dừa,10.3781222,107.1173055,200
473,MẦM NON HÒA LONG,Tam Long,10.5232243,107.2069859,200
481,TIỂU HỌC HÒA LONG,Tam Long,10.5259816,107.2065958,200
483,TIỂU HỌC LÊ LỢI,Tam Long,10.5113985,107.1888880,200
497,TIỂU HỌC TRẦN VĂN THƯỢNG,Tam Long,10.5245506,107.2223350,200
511,MN HOA HƯỚNG DƯƠNG,Tam Thắng,10.3780609,107.1118851,200
499,THCS TRẦN PHÚ,Tam Thắng,10.3618377,107.0817050,200
488,TH LÝ TỰ TRỌNG,Tam Thắng,10.3549780,107.0880590,200
484,TIỂU HỌC LÊ LỢI,Tam Thắng,10.3667637,107.0764507,200
498,TIỂU HỌC TRƯƠNG CÔNG ĐỊNH,Tam Thắng,10.3584789,107.0943591,200
295,Trường Tiểu học Nguyễn Thị Rành ,Tân An Hội,10.9833679,106.4706288,200
301,Trường Tiểu học Phước Hiệp,Tân An Hội,10.9958960,106.4518960,200
307,Trường Tiểu học Thị trấn Củ Chi 2,Tân An Hội,10.9728150,106.4966419,200
369,TIỂU HỌC TÂN ĐÔNG HIỆP B,Tân Đông Hiệp B,10.9180186,106.7644660,200
366,TIỂU HỌC PHONG PHÚ,Tăng Nhơn Phú,10.8330249,106.7830906,200
542,TIỂU HỌC PHONG PHÚ,Tăng Nhơn Phú,10.8330249,106.7830906,200
551,TH Tân Phước Khánh A,Tân Khánh,11.0041560,106.7211846,200
503,TH Tân Nhựt 6,Tân Nhựt,10.6955039,106.5790912,200
525,TIỂU HỌC HỒ VĂN CƯỜNG,Tân Phú,10.7744872,106.6434067,200
292,TIỂU HỌC TÂN LẬP,Tân Uyên,11.1437928,106.8060513,200
535,Tiểu Học Tạ Uyên,Thạnh An,10.6921269,106.7020431,200
286,TIỂU HỌC THẠNH AN,Thạnh An,10.4722756,106.9764982,200
433,TH Phù Đổng,Thạnh Mỹ Tây,10.7933568,106.7083286,200
516,TH-THCS TÂN THỚI ,Thuận An,10.9120499,106.7000558,200
289,TIỂU HỌC HỒ VĂN MÊN,Thuận An,10.9485444,106.6821143,200
291,TIỂU HỌC HƯNG ĐỊNH,Thuận An,10.9423634,106.6915832,200
287,TIỂU HỌC HIẾU LIÊM,Thường Tân,11.1271066,106.9445990,200
302,TIỂU HỌC THƯỜNG TÂN,Thường Tân,11.0377824,106.8471817,200
296,TIỂU HỌC VÀ TRUNG HỌC CƠ SỞ LẠC AN,Thường Tân,11.0682351,106.9357028,200
500,TIỂU HỌC TRỪ VĂN THỐ,Trừ Văn Thố,11.3482971,106.6377372,200
361,TIỂU HỌC VÀ TRUNG HỌC CƠ SỞ CÂY TRƯỜNG,Trừ Văn Thố,11.3426743,106.5780433,200
450,THCS Nguyễn Huệ,Vĩnh Hội,10.7544435,106.6948721,200
451,THCS Quang Trung,Vĩnh Hội,10.7546857,106.6980968,200
437,TH Vĩnh Hội,Vĩnh Hội,10.7539191,106.7035589,200
424,TH Đồng Đen,Vĩnh Lộc,10.8140490,106.5775231,200
502,TH Vĩnh Lộc 1,Vĩnh Lộc,10.8080772,106.5671976,200
508,THCS CHÂU THÀNH,Vũng Tàu,10.3467808,107.0765519,200
447,THCS Hoàng Văn Thụ,Vườn Lài,10.7633519,106.6688147,200
536,abc,Xóm Chiếu,11.2872850,106.1234420,200
418,TH Bạch Đằng,Xóm Chiếu,10.7651807,106.7031998,200
420,TH Bến Cảng,Xóm Chiếu,10.7611157,106.7101548,200
453,THCS Tăng Bạt Hổ ,Xóm Chiếu,10.7552390,106.7137282,200
455,THCS Vân Đồn,Xóm Chiếu,10.7618295,106.7092053,200
422,TH Đinh Bộ Lĩnh,Xóm Chiếu,10.7550145,106.7098169,200
431,TH Nguyễn Thái Bình,Xóm Chiếu,10.7688015,106.6994303,200
432,TH Nguyễn Trường Tộ,Xóm Chiếu,10.7553173,106.7096995,200
325,TIỂU HỌC NHỊ TÂN,Xuân Thới Sơn,10.8957175,106.5744410,200
336,TIỂU HỌC TRẦN VĂN MƯỜI,Xuân Thới Sơn,10.8655321,106.5899220,200
350,TRUNG HỌC CƠ SỞ TÂN XUÂN,Xuân Thới Sơn,10.8669403,106.5981980,200
356,TRUNG HỌC CƠ SỞ VÕ VĂN TẦN,Xuân Thới Sơn,10.7887043,106.6452114,200
505,TH BÌNH CHÂU,Xuyên Mộc,10.5603193,107.5407149,200
512,Trường TH sông Cầu,Xuyên Mộc,10.5750366,107.2206299,200
532,ấc,"",10.8511960,106.6549800,200
533,TEST XL,"",11.2872850,106.1234420,200
534,TEST_ZALO Trường 1786957731483,"",10.7769000,106.7009000,200
445,TH ABC,"",10.8083640,106.6177580,200
520,TIỂU HỌC NGUYỄN HIỀN ,"",11.0229998,106.6338276,200
517,TIỂU HỌC PHÚ LỢI,"",10.9862886,106.6733638,200
523,TIỂU HỌC PHÚ MỸ,"",11.0172538,106.6825268,200
518,TIỂU HỌC PHÚ TÂN,"",11.0280515,106.6883326,200
521,TIỂU HỌC TÂN AN,"",11.0259701,106.6194610,200
529,Trường TEST,"",11.3131750,106.3083710,200
522,TRƯỜNG TIỂU HỌC CHÁNH MỸ,"",10.9880196,106.6401252,200
