id,truong,phuong_xa,dia_chi,co_link_maps,nhan_vien_phu_trach
389,TIỂU HỌC AN LẠC 2,An Lạc,"121 Phùng Tá Chu, KP 07, phường An Lạc, TP Hồ Chí Minh, Việt Nam.",không,Nguyễn Thị Cẩm Nhung
392,TIỂU HỌC AN LẠC 3,An Lạc,"504/58C Kinh Dương Vương, Kp 1, phường An Lạc A, Quận Bình Tân, TP Hồ Chí Minh, Việt Nam.",không,Nguyễn Thị Cẩm Nhung
506,TIỂU HỌC BÌNH TRỊ 2,An Lạc,"88A, Đường số 3, Phường An Lạc, Thành phố Hồ Chí Minh, Việt Nam",không,Nguyễn Thị Cẩm Nhung
390,TIỂU HỌC LÊ CÔNG PHÉP,An Lạc,"Số 01, đường số 1A KP6, phường An Lạc, TP Hồ Chí Minh, Việt Nam.",không,Nguyễn Thị Cẩm Nhung
393,TRUNG HỌC CƠ SỞ AN LẠC,An Lạc,"4B Phùng Tá Chu, KP 7, Phường An Lạc, TP Hồ Chí Minh, Việt Nam.",không,Nguyễn Thị Cẩm Nhung
380,TIỂU HỌC AN LONG,An Long,"Ấp Xóm Quạt, xã An Long, TP Hồ Chí Minh, Việt Nam.",không,Trần Thị Mộng Vân
387,TIỂU HỌC TÂN LONG,An Long,"Ấp 2 xã An Long, TP Hồ Chí Minh, Việt Nam.",không,Trần Thị Mộng Vân
374,TIỂU HỌC VÀ TRUNG HỌC CƠ SỞ AN LINH,An Long,"Ấp 9, xã An Long, TP Hồ Chí Minh, Việt Nam.",không,Trần Thị Mộng Vân
299,Trường Tiểu học Phú Mỹ Hưng ,An Nhơn Tây,"Số 14, Đường Phú Thuận, Ấp Phú Lợi, Xã An Nhơn Tây, Thành phố Hồ Chí Minh, Việt Nam",không,Nguyễn Thái Hùng
294,TIỂU HỌC TÂN THÀNH,Bắc Tân Uyên,"Tân Thành, Xã Bắc Tân Uyên, TP Hồ Chí Minh, Việt Nam.",không,Ngô Thị Thanh Tâm
298,TIỂU HỌC & TRUNG HỌC CƠ SỞ TÂN MỸ,Bắc Tân Uyên,"KP Vườn Vũ, Xã Bắc Tân Uyên, TP Hồ Chí Minh, Việt Nam.",không,Ngô Thị Thanh Tâm
303,TRUNG HỌC CƠ SỞ TÂN THÀNH,Bắc Tân Uyên,"Ấp Tân Thành 5, Xã Bắc Tân Uyên, TP Hồ Chí Minh, Việt Nam.",không,Ngô Thị Thanh Tâm
285,TRƯỜNG TIỂU HỌC ĐẤT CUỐC,Bắc Tân Uyên,"Ấp Đá Bàn, Xã Bắc Tân Uyên, TP Hồ Chí Minh, Việt Nam.",không,Ngô Thị Thanh Tâm
342,TRUNG HỌC CƠ SỞ BÙI VĂN THỦ,Bà Điểm,"139 Đường Bùi Văn Thủ, ấp Tiền Lân 9, Xã Bà Điểm, TP Hồ Chí Minh, Việt Nam.",không,Thái Thị Như Ý
347,TRUNG HỌC CƠ SỞ NGUYỄN VĂN BỨA,Bà Điểm,"1139 Đường Nguyễn Văn Bứa, ấp 51, xã Bà Điểm, TP Hồ Chí Minh, Việt Nam.",không,Thái Thị Như Ý
541,TRƯỜNG THPT NGUYỄN HỮU CẦU,Bà Điểm,"Số 3 Đường Tô Ký ấp Mỹ Huề, Xã Bà Điểm, Thành phố Hồ Chí Minh, Việt Nam",không,Tô Bá Quyền
474,MẦM NON HỌA MI,Bà Rịa,"Số 21 Huỳnh Khương An, KP 7 Phước Hưng, phường Bà Rịa, TP HCM.",không,Lê Thị Nhật Khanh
475,MẦM NON PHƯỚC HIỆP,Bà Rịa,"Đường Huỳnh Tấn Phát, KP 5 Phước Hiệp, phường Bà Rịa, TP HCM.",không,Lê Thị Nhật Khanh
476,MẦM NON PHƯỚC NGUYÊN,Bà Rịa,"Đường Nguyễn Hồng Lam, KP 4- Phước Nguyên, phường Bà Rịa, TP HCM.",không,Lê Thị Nhật Khanh
507,MẦM NON SƠN CA,Bà Rịa,"Đường Hà Huy Tập, Khu Phố 4, phường Bà Rịa, TP HCM.",không,Lê Thị Nhật Khanh
509,THCS PHƯỚC HƯNG,Bà Rịa,"Tổ 4, Khu Phố 4, phường Phước Hưng",không,Lê Thị Nhật Khanh
485,TIỂU HỌC LÊ THÀNH DUY,Bà Rịa,"Số 2, Ngô Gia Tự, phường Bà Rịa, TP HCM.",không,Lê Thị Nhật Khanh
427,TH Hòa Bình,Bến Nghé,"Số 1 Công xã Paris, Phường Bến Nghé, Thành phố Hồ Chí Minh, Việt Nam",không,Bùi Huy Hoàng
438,THCS Bình Chánh,Bình Chánh,"Số 11 Nguyễn Thị Dững, Ấp 16, Xã Bình Chánh, Thành phố Hồ Chí Minh, Việt Nam ",không,Bùi Huy Hoàng
435,TH Tân Quý Tây,Bình Chánh,"266 Hương lộ 11, Ấp 26, Xã Bình Chánh, Thành phố Hồ Chí Minh, Việt Nam",không,Bùi Huy Hoàng
545,TIỂU HỌC TRẦN ĐẠI NGHĨA,Bình Hưng Hòa,"Hương Lộ 3, Phường Bình Hưng Hòa, Thành phố Hồ Chí Minh",không,Mai Thị Thanh Phượng
528,TIỂU HỌC TRẦN ĐẠI NGHĨA ,Bình Hưng Hòa,"số 333 Hương Lộ 3, Phường Bình Hưng Hòa, TP.HCM",không,Mai Thị Thanh Phượng
371,TIỂU HỌC TRIỆU QUANG PHỤC,Bình Hưng Hòa,"655/40 Lê Trọng Tấn, Phường Bình Hưng Hòa, TP Hồ Chí Minh, Việt Nam.",không,Mai Thị Thanh Phượng
544,TIỂU HỌC TRIỆU QUANG PHỤC,Bình Hưng Hòa,"655/40 LÊ TRỌNG TÂN, Phường Bình Hưng Hòa, TP Hồ Chí Minh, Việt Nam",không,Mai Thị Thanh Phượng
469,Trường Tiểu học Bình Hưng Hòa,Bình Hưng Hòa,"88/2 Đường số 18, Khu phố 2, Phường Bình Hưng Hòa, Thành phố Hồ Chí Minh, Việt Nam",không,Nguyễn Thị Cẩm Nhung
468,Trường Tiểu học Lạc Hồng,Bình Hưng Hòa,"1014/88/11 Tân Kỳ Tân Quý, Phường Bình Hưng Hòa, Thành phố Hồ Chí Minh, Việt Nam",không,Nguyễn Thị Cẩm Nhung
284,TRƯỜNG TIỂU HỌC BÌNH KHÁNH,Bình Khánh,"Ấp Bình Thạnh, Xã Bình Khánh, TP Hồ Chí Minh, Việt Nam.",không,Ngô Thị Thanh Tâm
288,Trường Tiểu học Bình Mỹ ,Bình Mỹ,"339, Đường Bình Mỹ, Ấp 22, Xã Bình Mỹ, Thành phố Hồ Chí Minh, Việt Nam",không,Nguyễn Thái Hùng
310,Trường Tiểu học Trung An,Bình Mỹ,"Đường Võ Thị Hồng, Ấp Chợ 1, Xã Bình Mỹ, Thành phố Hồ Chí Minh, Việt Nam",không,Nguyễn Thái Hùng
540,TH NGÔ QUYỀN,Bình Tân,"118 Đường số 3, Khu dân cư Vĩnh Lộc, Phường Bình Tân, TP. Hồ Chí Minh",không,Mai Thị Thanh Phượng
293,Trường Tiểu học Ngô Quyền ,Bình Tân,"Số 118, Đường số 3, KDC Vĩnh Lộc, Phường Bình Tân, Thành phố Hồ Chí Minh, Việt Nam",không,Nguyễn Thái Hùng
309,Trường Tiểu học Trần Cao Vân,Bình Tân,"18 Đường Võ Văn Vân, Phường Bình Tân, Thành phố Hồ Chí Minh, Việt Nam",không,Nguyễn Thái Hùng
467,Trường Tiểu học Trần Văn Ơn ,Bình Tân,"160B, Hồ Văn Long, Phường Bình Tân, Thành phố Hồ Chí Minh, Việt Nam",không,Nguyễn Thị Cẩm Nhung
446,THCS Hoàng Lê Kha ,Bình Tây,"383-391 Bến Phú Lâm, Phường Bình Tây, Thành phố Hồ Chú Minh, Việt Nam",không,Bùi Huy Hoàng
449,THCS Nguyễn Đức Cảnh,Bình Tây,"242 Minh Phụng, Phường Bình Tây, Thành phố Hồ Chí Minh, Việt Nam ",không,Bùi Huy Hoàng
440,THCS Bình Tây,Bình Tiên,"36A Bình Tây, Phường Bình Tiên, Thành phố Hồ Chí Minh, Việt Nam",không,Bùi Huy Hoàng
501,TH Lê Văn Tám,Bình Tiên,"30/4 Nguyễn Đình Chi, Phường Bình Tây, Thành phố Hồ Chí Minh, Việt Nam",không,Bùi Huy Hoàng
513,TIỂU HỌC CẦN THẠNH ,Cần Giờ,"130 Duyên Hải , thị trấn cần thạnh , huyện cần giờ ",không,Ngô Thị Thanh Tâm
305,TIỂU HỌC ĐỒNG HÒA,Cần Giờ,"Ấp Đồng Tranh, Xã Cần Giờ, TP Hồ Chí Minh, Việt Nam.",không,Ngô Thị Thanh Tâm
429,TH Lý Nhân Tông,Chánh Hưng,"575-577 Hưng Phú, Phường Chánh Hưng, Thành phố Hồ Chí Minh, Việt Nam",không,Bùi Huy Hoàng
434,TH Rạch Ông,Chánh Hưng,"284 Dương Bá Trạc, Phường Chánh Hưng, Thành phố Hồ Chí Minh, Việt Nam",không,Bùi Huy Hoàng
436,TH Thái Hưng,Chánh Hưng,"785 Tạ Quang Bửu, Phường Chánh Hưng, Thành phố Hồ Chí Minh, Việt Nam",không,Bùi Huy Hoàng
556,THCS CỦ CHI,Củ Chi,"Số 4, đường 77 ấp Đình, xã Củ Chi, TPHCM",không,Thái Thị Như Ý
304,Trường Tiểu học Tân Phú,Củ Chi,"Đường Hồ Văn Tắng, Ấp Cây Da, Xã Củ Chi, Thành Phố Hồ Chí Minh, Việt Nam ",không,Nguyễn Thái Hùng
362,TIỂU HỌC LÝ THƯỜNG KIỆT,Dĩ An,"Đường Nguyễn Trãi, KP Thống Nhất 1, phường Dĩ An, TP Hồ Chí Minh, Việt Nam.",không,Mai Thị Thanh Phượng
365,TIỂU HỌC NGUYỄN THỊ MINH KHAI,Đông Hưng Thuận,"11AT1 KP.01, Phường Đông Hưng Thuận, TP Hồ Chí Minh, Việt Nam.",không,Mai Thị Thanh Phượng
550,TH TAM ĐÔNG,Đông Thạnh,"152/5B Phạm Thị Giây, ấp 80, xã Đông Thạnh,Thành phố Hồ Chí Minh.",không,Thái Thị Như Ý
340,TIỂU HỌC VÕ VĂN THẶNG,Đông Thạnh,"170 Bùi Công Trừng, Xã Đông Thạnh, TP Hồ Chí Minh, Việt Nam.",không,Thái Thị Như Ý
444,THCS Hòa Hưng,Hòa Hưng,"493/73A Cách mạng tháng 8, Phường Hòa Hưng, Thành phố Hồ Chí Minh, Việt Nam",không,Bùi Huy Hoàng
448,THCS Lạc Hồng,Hòa Hưng,"436/4 Đường 3/2, Phường Hòa Hưng, Thành phố Hồ Chí Minh, Việt Nam",không,Bùi Huy Hoàng
454,THCS Trần Phú ,Hòa Hưng,"Số 1 Cửu Long, C/X Bắc Hải, Phường Hòa Hưng, Thành phố Hồ Chí Minh, Việt Nam",không,Bùi Huy Hoàng
321,TIỂU HỌC CẦU XÁNG,Hóc Môn,"50 ấp Thới Tây 2, Xã Hóc Môn, TP Hồ Chí Minh, Việt Nam.",không,Thái Thị Như Ý
515,TIỂU HỌC MỸ HOÀ ,Hóc Môn," 58/8D Mỹ Hòa 3, Xã Hóc Môn, TP Hồ Chí Minh, Việt Nam",không,Thái Thị Như Ý
338,TIỂU HỌC TRƯƠNG VĂN NGÀI,Hóc Môn,"107, 108 Ấp 4, Xã Hóc Môn, TP Hồ Chí Minh, Việt Nam.",không,Thái Thị Như Ý
345,TRUNG HỌC CƠ SỞ NGUYỄN AN KHƯƠNG,Hóc Môn,"66/6 Lê Thị Hồng Gấm, Ấp 28, Xã Hóc Môn, TP Hồ Chí Minh, Việt Nam.",không,Thái Thị Như Ý
442,THCS Đa Phước,Hưng Long,"2321 Văn Tiến Dũng, Ấp 35, Xã Hưng Long, Thành phố Hồ Chí Minh, Việt Nam",không,Bùi Huy Hoàng
452,THCS Qui Đức,Hưng Long,"B10/21 Ấp 22, Xã Hưng Long, Thành phố Hồ Chí Minh, Việt Nam",không,Bùi Huy Hoàng
553,Tiểu học Qui Đức,Hưng Long,"",không,Bùi Huy Hoàng
441,THCS Chi Lăng,Khánh Hội,"129/63A Nguyễn Hữu Hào, Phường Khánh Hội, Thành phố Hồ Chí Minh, Việt Nam",không,Bùi Huy Hoàng
300,TIỂU HỌC & TRUNG HỌC CƠ SỞ TÂN THỚI,Lái Thiêu,"88A Đường Cách Mạng Tháng 8, KP Đông Tư, Phường Lái Thiêu, TP Hồ Chí Minh, Việt Nam.",không,Mai Thị Thanh Phượng
477,MẦM NON VÀNH KHUYÊN,Long Hương,"Đường Phan Văn Trị, KP Kim Hải, phường Long Hương, TP HCM.",không,Lê Thị Nhật Khanh
510,MN HƯỚNG DƯƠNG,Long Hương,"Đường 24, Khu phố Phước Tân 4, Phường Long Hương, TP.Hồ Chí Minh, Việt Nam",không,Lê Thị Nhật Khanh
490,TH PHAN BỘI CHÂU,Long Hương,"Đường Bình Giã, KP Nam Dinh, phường Long Hương, TP HCM.",không,Lê Thị Nhật Khanh
482,TIỂU HỌC KIM DINH,Long Hương,"Đường Trịnh Đình Thảo, KP Kim Sơn, phường Long Hương, TP HCM.",không,Lê Thị Nhật Khanh
486,TIỂU HỌC LONG HƯƠNG,Long Hương,"Số 9, đường Nguyễn An Ninh, Phường Long Hương, TP HCM.",không,Lê Thị Nhật Khanh
496,TIỂU HỌC TRẦN VĂN QUAN,Long Hương,"KP Phước Tân 3, phường Long Hương, TP HCM.",không,Lê Thị Nhật Khanh
538,Trường TH Ngãi Giao,Ngã Giao,6 Nguyễn Trãi,không,Lê Thị Nhật Khanh
537,TH TẠ UYÊN,Nhà Bè,"782 LÊ VĂN LƯƠNG , ẤP 19 , XÃ NHÀ BÈ",không,Ngô Thị Thanh Tâm
363,TIỂU HỌC NGUYỄN BÌNH,Nhà Bè,"247 Nguyễn Bình, ấp 43, xã Nhà Bè, TP Hồ Chí Minh, Việt Nam.",không,Mai Thị Thanh Phượng
557,Tiểu Học Nguyễn Hồng Thế,Nhà Bè,"26/2 Chánh Hừng , Ấp 1 , Nhà bè",không,Ngô Thị Thanh Tâm
439,THCS Bình Đông,Phú Định,"58 Phú Định, Phường Phú Định, Thành phố Hồ Chí Minh, Việt Nam",không,Bùi Huy Hoàng
428,TH Lưu Hữu Phước ,Phú Định,"145 Mễ Cốc, Phường Phú Định, Thành phố Hồ Chí Minh, Việt Nam",không,Bùi Huy Hoàng
504,TH Trần Nguyên Hãn,Phú Định,"45 Trần Nguyên Hãn, Phường Phú Định, Thành phố Hồ Chí Minh, Việt Nam",không,Bùi Huy Hoàng
378,TIỂU HỌC AN BÌNH A,Phú Giáo,"Ấp Bình Thắng, xã Phú Giáo, TP Hồ Chí Minh, Việt Nam.",không,Trần Thị Mộng Vân
379,TIỂU HỌC AN BÌNH B,Phú Giáo,"Ấp Bình Tiến, xã Phú Giáo, TP Hồ Chí Minh, Việt Nam.",không,Trần Thị Mộng Vân
385,TIỂU HỌC PHƯỚC VĨNH A,Phú Giáo,"Ấp 2, xã Phú Giáo, TP Hồ Chí Minh, Việt Nam.",không,Trần Thị Mộng Vân
386,TIỂU HỌC PHƯỚC VĨNH B,Phú Giáo,"Ấp 9, xã Phú Giáo, TP Hồ Chí Minh, Việt Nam.",không,Trần Thị Mộng Vân
375,TIỂU HỌC & TRUNG HỌC CƠ SỞ TAM LẬP,Phú Giáo,"Ấp Tam Lập, xã Phú Giáo, TP Hồ Chí Minh, Việt Nam.",không,Trần Thị Mộng Vân
306,Trường Tiểu học Tân Thạnh Đông 2,Phú Hòa Đông,"522 Tỉnh lộ 15, Xã Phú Hòa Đông, Thành phố Hồ Chí Minh, Việt Nam",không,Nguyễn Thái Hùng
443,THCS Đoàn Kết,Phú Lâm,"183A Tân Hòa Đông, Phường Phú Lâm, Thành phố Hồ Chí Minh, Việt Nam",không,Bùi Huy Hoàng
555,TH HƯNG VIÊT,Phú Lâm,"135 Lạc Long Quân, Phường Minh Phụng, TP Hồ Chí Minh, Việt Nam",không,Mai Thị Thanh Phượng
539,TH HÒA PHÚ 2,Phú Lợi,"",không,Mai Thị Thanh Phượng
491,TIỂU HỌC PHƯỚC AN,Phước Thắng,"Hẻm 850, đường 30/4, phường Phước Thắng, TP HCM.",không,Lê Thị Nhật Khanh
492,TIỂU HỌC PHƯỚC THẮNG,Phước Thắng,"01 Đô Lương, phường Phước Thắng, TP HCM.",không,Lê Thị Nhật Khanh
382,TIỂU HỌC AN THÁI,Phước Thành,"Phú Thuật 1, Phước Thành, TP Hồ Chí Minh, Việt Nam.",không,Trần Thị Mộng Vân
547,TRƯỜNG TRUNG HỌC CƠ SỞ AN PHÚ,Phường An Khánh,"589C đường An Phú, Khu phố 1, Phường An Khánh, TP Hồ Chí Minh",không,Nguyễn Cường
548,TRƯỜNG TRUNG HỌC CƠ SỞ BÌNH TRƯNG,Phường Bình Trưng,": 311.J5, khu nhà ở tái định cư Thủ Thiêm, khu phố 17, Phường Bình Trưng, TP Hồ Chí Minh",không,Nguyễn Cường
549,Trường TH Phước Thạnh,Phường Long Trường,"26 Nguyễn Duy Trinh, khu phố 28, phường Long Trường",không,Nguyễn Cường
526,TIỂU HỌC TÂN HƯƠNG,Phường Phú Thọ Hòa,"167/29 Tân Quý, Phường Phú Thọ Hòa, TP Hồ Chí Minh, Việt Nam.",không,Mai Thị Thanh Phượng
546,TIEU HOC TAN BINH,Phường Tân Đông Hiệp,"ấp Tân Thắng, xã Tân Bình, Phường Tân Đông Hiệp, TP Hồ Chí Minh, Việt Nam",không,Mai Thị Thanh Phượng
370,TIỂU HỌC TÂN BÌNH,Phường Tân Đông Hiệp,"902 Nguyễn Thị Minh Khai, KP Tân Thắng, Phường Tân Đông Hiệp, Tp Hồ Chí Minh, Việt Nam.",không,Mai Thị Thanh Phượng
554,TRƯỜNG TH KIM ĐỒNG,Phường Tân Thuận,"Đường D2, khu phố 30, phường Tân Thuận (ĐC dạy số 11 đường 53 p Tân Hưng)",không,Nguyễn Cường
524,TIỂU HỌC CHI LĂNG,Phường Thông Tây Hội,"645/2 Quang Trung, Phường Thông Tây Hội, TP Hồ Chí Minh, Việt Nam.",không,Mai Thị Thanh Phượng
527,TIỂU HỌC VÕ VĂN TẦN,Phường Trung Mỹ Tây,"Khu phố 5, Phường Trung Mỹ Tây, TP Hồ Chí Minh, Việt Nam.",không,Mai Thị Thanh Phượng
543,TIỂU HỌC VÕ VĂN TẦN,Phường Trung Mỹ Tây,"2384/38/2 Khu phố 5, Phường Trung Mỹ Tây, Quận 12, TP. Hồ Chí Minh",không,Mai Thị Thanh Phượng
412,TH KIM ĐỒNG,Rạch Dừa,"84 Bến Nôm, Phường Rạch Dừa, TP. HCM",không,Lê Thị Nhật Khanh
489,TH NGUYỄN HỮU CẢNH,Rạch Dừa,"299/9 đường Nguyễn Hữu Cảnh, phường Rạch Dừa, TP HCM.",không,Lê Thị Nhật Khanh
493,TH THẮNG NHẤT,Rạch Dừa,"Số 96 Đường 30/4, phường Rạch Dừa, TP HCM.",không,Lê Thị Nhật Khanh
487,TIỂU HỌC LƯU CHÍ HIẾU,Rạch Dừa,"SỐ 01, Đường Biệt Chính, phường Rạch Dừa, TP HCM.",không,Lê Thị Nhật Khanh
473,MẦM NON HÒA LONG,Tam Long,"KP Đông Hòa Long, phường Tam Long, TP Hồ Chí Minh.",không,Lê Thị Nhật Khanh
481,TIỂU HỌC HÒA LONG,Tam Long,"KP Bắc 1 Hòa Long, phường Tam long, TP HCM.",không,Lê Thị Nhật Khanh
483,TIỂU HỌC LÊ LỢI,Tam Long,"Số 157 Nguyễn Văn Hưởng, KP1. phường Tam Long, TP HCM.",không,Lê Thị Nhật Khanh
497,TIỂU HỌC TRẦN VĂN THƯỢNG,Tam Long,"KP Tây Long Phước, phường Tam Long, TP HCM.",không,Lê Thị Nhật Khanh
511,MN HOA HƯỚNG DƯƠNG,Tam Thắng,"D1-3/4 Khu đô thị Chí Linh, phường Tam Thắng, TP. Hồ Chí Minh, Việt Nam",không,Lê Thị Nhật Khanh
499,THCS TRẦN PHÚ,Tam Thắng,"Số 04 Nguyễn Thái Học, Phường Tam Thắng, TP HCM.",không,Lê Thị Nhật Khanh
488,TH LÝ TỰ TRỌNG,Tam Thắng,"Số 242 đường 2/9, phường Tam Thắng, TP HCM.",không,Lê Thị Nhật Khanh
484,TIỂU HỌC LÊ LỢI,Tam Thắng,"Số 276 Đường Lê Lợi, Phường Tam Thắng, TP HCM.",không,Lê Thị Nhật Khanh
498,TIỂU HỌC TRƯƠNG CÔNG ĐỊNH,Tam Thắng,"236 Bình Giã, phường Tam Thắng, TP HCM.",không,Lê Thị Nhật Khanh
295,Trường Tiểu học Nguyễn Thị Rành ,Tân An Hội,"Đường Nguyễn Thị Rành, Ấp Bàu Tre 2A, Xã Tân An Hội, Thành phố Hồ Chí Minh, Việt Nam",không,Nguyễn Thái Hùng
301,Trường Tiểu học Phước Hiệp,Tân An Hội,"40 Nguyễn Thị Nị, Ấp Cây Trôm, Xã Tân An Hội, Thành phố Hồ Chí Minh, Việt Nam",không,Nguyễn Thái Hùng
307,Trường Tiểu học Thị trấn Củ Chi 2,Tân An Hội,"Số 100, Đường Nguyễn Thị Triệu, Ấp 2, Xã Tân An Hội, Thành phố Hồ Chí Minh, Việt Nam",không,Nguyễn Thái Hùng
369,TIỂU HỌC TÂN ĐÔNG HIỆP B,Tân Đông Hiệp B,"KP Đông Chiêu, Phường Dĩ An, TP Hồ Chí Minh, Việt Nam.",không,Mai Thị Thanh Phượng
366,TIỂU HỌC PHONG PHÚ,Tăng Nhơn Phú,"Số 224 Đình Phong Phú, KP 3, Phường Tăng Nhơn Phú, TP Hồ Chí Minh, Việt Nam.",không,Mai Thị Thanh Phượng
542,TIỂU HỌC PHONG PHÚ,Tăng Nhơn Phú,"Số 224 đường Đình Phong Phú, KP83, Phường Tăng Nhơn Phú, TP Hồ Chí Minh.",không,Mai Thị Thanh Phượng
551,TH Tân Phước Khánh A,Tân Khánh,Khu phố khánh hoà  - phường tân khánh,không,Ngô Thị Thanh Tâm
503,TH Tân Nhựt 6,Tân Nhựt,"E3/56A Đường Thế Lữ, Ấp 10, Xã Tân Nhựt, Thành phố Hồ Chí Minh, Việt Nam",không,Bùi Huy Hoàng
525,TIỂU HỌC HỒ VĂN CƯỜNG,Tân Phú,"51-53 Trịnh Đình Trọng, Phường Tân Phú, TP Hồ Chí Minh.",không,Mai Thị Thanh Phượng
292,TIỂU HỌC TÂN LẬP,Tân Uyên,"KP Tân Lập 3, Phường Tân Uyên, TP Hồ Chí Minh, Việt Nam.",không,Ngô Thị Thanh Tâm
535,Tiểu Học Tạ Uyên,Thạnh An,"782 Lê Văn Lương , ấp 19 , xã nhà bè",không,Ngô Thị Thanh Tâm
286,TIỂU HỌC THẠNH AN,Thạnh An,"159 Ấp Thạnh Bình, Xã Thạnh An, TP Hồ Chí Minh, Việt Nam.",không,Ngô Thị Thanh Tâm
433,TH Phù Đổng,Thạnh Mỹ Tây,"22B Xô Viết Nghệ Tĩnh, Phường Thạnh Mỹ Tây, Thành phố Hồ Chí Minh, Việt Nam ",không,Bùi Huy Hoàng
516,TH-THCS TÂN THỚI ,Thuận An,"Số 88A khu phố Đông Tư, Phường Lái Thiêu, TP Hồ Chí Minh, Việt Nam.",không,Mai Thị Thanh Phượng
289,TIỂU HỌC HỒ VĂN MÊN,Thuận An,"Số 19, đường An Thạnh 16, KP Thạnh Lợi, Phường Thuận An, TP Hồ Chí Minh, Việt Nam.",không,Mai Thị Thanh Phượng
291,TIỂU HỌC HƯNG ĐỊNH,Thuận An,"Đường DT745, KP Hưng Phước, Phường Thuận An, TP Hồ Chí Minh, Việt Nam.",không,Mai Thị Thanh Phượng
514,TIỂU HỌC HƯNG ĐỊNH ,Thuận An,"Số 9, đường Cách mạng tháng tám, Phường Thuận An, TP Hồ Chí Minh, Việt Nam.",không,Mai Thị Thanh Phượng
287,TIỂU HỌC HIẾU LIÊM,Thường Tân,"Ấp Cây Dừng, Hiếu Liêm, Xã Thường Tân, TP Hồ Chí Minh, Việt Nam.",không,Ngô Thị Thanh Tâm
302,TIỂU HỌC THƯỜNG TÂN,Thường Tân,"Ấp Thường Tân 5, Xã Thường Tân, Tp Hồ Chí Minh, Việt Nam.",không,Ngô Thị Thanh Tâm
296,TIỂU HỌC VÀ TRUNG HỌC CƠ SỞ LẠC AN,Thường Tân,"Ấp Lạc An 4, Xã Thường Tân, TP Hồ Chí Minh, Việt Nam.",không,Ngô Thị Thanh Tâm
500,TIỂU HỌC TRỪ VĂN THỐ,Trừ Văn Thố,"Ấp Bằng Lăng, xã Trừ Văn Thố, TP HCM.",không,Mai Thị Thanh Phượng
361,TIỂU HỌC VÀ TRUNG HỌC CƠ SỞ CÂY TRƯỜNG,Trừ Văn Thố,"Ấp Cây Trường, xã Trừ Văn Thố, TP Hồ Chí Minh, Việt Nam.",không,Mai Thị Thanh Phượng
450,THCS Nguyễn Huệ,Vĩnh Hội,"42 Nguyễn Khoái, Phường Vĩnh Hội, Thành phố Hồ Chí Minh, Việt Nam",không,Bùi Huy Hoàng
451,THCS Quang Trung,Vĩnh Hội,"209 Đường 14, Phường Vĩnh Hội, Thành phố Hồ Chí Minh, Việt Nam",không,Bùi Huy Hoàng
437,TH Vĩnh Hội,Vĩnh Hội,"183C/3 Tôn Thất Thuyết, Phường Vĩnh Hội, Thành phố Hồ Chí Minh, Việt Nam",không,Bùi Huy Hoàng
424,TH Đồng Đen,Vĩnh Lộc,"A5/48 Đường Liên Ấp 1-1B-2A, Ấp 10, Xã Vĩnh Lộc, Thành phố Hồ Chí Minh, Việt Nam",không,Bùi Huy Hoàng
502,TH Vĩnh Lộc 1,Vĩnh Lộc,"A2/18 Ấp 1, Xã Vĩnh Lộc 1, Thành phố Hồ Chí Minh, Việt Nam",không,Bùi Huy Hoàng
508,THCS CHÂU THÀNH,Vũng Tàu,"58 Trần Hưng Đạo, Phường Vũng Tàu, TP HCM.",không,Lê Thị Nhật Khanh
478,TIỂU HỌC BÀU SEN,Vũng Tàu,"Số 39 Đường Thống Nhất, Phường Vũng Tàu, TP HCM.",không,Lê Thị Nhật Khanh
479,TIỂU HỌC ĐOÀN KẾT,Vũng Tàu,"Số 30 Đồng Khởi, Phường Vũng Tàu, TP HCM.",không,Lê Thị Nhật Khanh
480,TIỂU HỌC HÒA BÌNH,Vũng Tàu,"460 Trần Phú, Phường Vũng Tàu, TP HCM.",không,Lê Thị Nhật Khanh
494,TIỂU HỌC THẮNG NHÌ,Vũng Tàu,"Số 85 Ngư Phủ, phường Vũng Tàu, TP HCM. ",không,Lê Thị Nhật Khanh
495,TIỂU HỌC THẮNG TAM,Vũng Tàu,"Số 106 đường Võ Thị Sáu, phường Vũng Tàu, TP HCM.",không,Lê Thị Nhật Khanh
447,THCS Hoàng Văn Thụ,Vườn Lài,"322 Nguyễn Tri Phương, Phường Vườn Lài, Thành phố Hồ Chí Minh, Việt Nam",không,Bùi Huy Hoàng
418,TH Bạch Đằng,Xóm Chiếu,"57 Lê Quốc Hưng, Phường Xóm Chiếu, Thành phố Hồ Chí Minh, Việt Nam",không,Bùi Huy Hoàng
420,TH Bến Cảng,Xóm Chiếu,"298B Nguyễn Tất Thành, Phường Xóm Chiếu, Thành phố Hồ Chí Minh, Việt Nam",không,Bùi Huy Hoàng
453,THCS Tăng Bạt Hổ ,Xóm Chiếu,"76 Tôn Thất Thuyết, Phường Xóm Chiếu, Thành phố Hồ Chí Minh, Việt Nam",không,Bùi Huy Hoàng
455,THCS Vân Đồn,Xóm Chiếu,"218-276 Nguyễn Tất Thành, Phường Xóm Chiếu, Thành phố Hồ Chí Minh, Việt Nam",không,Bùi Huy Hoàng
422,TH Đinh Bộ Lĩnh,Xóm Chiếu,"Số 92B/20Bis Tôn Thất Thuyết, Phường Xóm Chiếu, Thành phố Hồ Chí Minh, Việt Nam",không,Bùi Huy Hoàng
431,TH Nguyễn Thái Bình,Xóm Chiếu,"3 Tôn Thất Thuyết, Phường Xóm Chiếu, Thành phố Hồ Chí Minh, Việt Nam",không,Bùi Huy Hoàng
432,TH Nguyễn Trường Tộ,Xóm Chiếu,"181/17 Xóm Chiếu, Phường Xóm Chiếu, Thành phố Hồ Chí Minh, Việt Nam",không,Bùi Huy Hoàng
325,TIỂU HỌC NHỊ TÂN,Xuân Thới Sơn,"105 Đường Tân Thới Nhì 24, ấp 69, Xã Xuân Thới Sơn, Thành Phố Hồ Chí Minh, Việt Nam.",không,Thái Thị Như Ý
336,TIỂU HỌC TRẦN VĂN MƯỜI,Xuân Thới Sơn,"70 Trần Văn Mười, Ấp 37, Xã Xuân Thới Sơn, TP Hồ Chí Minh, Việt Nam.",không,Thái Thị Như Ý
350,TRUNG HỌC CƠ SỞ TÂN XUÂN,Xuân Thới Sơn,"Số 1 Lê Quang Đạo, ấp 45, Xã Xuân Thới Sơn, TP Hồ Chí Minh, Việt Nam.",không,Thái Thị Như Ý
356,TRUNG HỌC CƠ SỞ VÕ VĂN TẦN,Xuân Thới Sơn,"5/5 Đường Nguyễn Thị Nuôi, ấp 55, xã Xuân Thới Sơn, TP Hồ Chí Minh, Việt Nam.",không,Thái Thị Như Ý
505,TH BÌNH CHÂU,Xuyên Mộc,"Ấp Láng Găng, Xã Bình Châu, Thành Phố Hồ Chí Minh, Việt Nam",không,Lê Thị Nhật Khanh
512,Trường TH sông Cầu,Xuyên Mộc,Xã Nghĩa Thành,không,Lê Thị Nhật Khanh
520,TIỂU HỌC NGUYỄN HIỀN ,(chưa gán phường),"377, Phan Đăng Lưu, KP Hiệp An 6, Phường Phú An, TP Hồ Chí Minh, Việt Nam",không,Mai Thị Thanh Phượng
517,TIỂU HỌC PHÚ LỢI,(chưa gán phường),"Số 96, đường Đoàn Thị Liên, khu 2, Phường Phú Lợi, TP Hồ Chí Minh, Việt Nam.",không,Mai Thị Thanh Phượng
523,TIỂU HỌC PHÚ MỸ,(chưa gán phường),"Đường An Mỹ, Khu phố 3, Phường Bình Dương, TP Hồ Chí Minh, Việt Nam",không,Mai Thị Thanh Phượng
518,TIỂU HỌC PHÚ TÂN,(chưa gán phường),"Đường D3, khu phố 1, Phường Bình Dương, TP Hồ Chí Minh, Việt Nam",không,Mai Thị Thanh Phượng
521,TIỂU HỌC TÂN AN,(chưa gán phường),"Đường ĐX 127, khu phố Tân An 3, phường Phú An, Thành phố Hồ Chí Minh, Việt Nam.",không,Mai Thị Thanh Phượng
522,TRƯỜNG TIỂU HỌC CHÁNH MỸ,(chưa gán phường),"Đường Huỳnh Văn Cù, Khu phố Chánh Lộc 7, Phường Thủ Dầu Một, Thành phố Hồ Chí Minh, Việt Nam",không,Mai Thị Thanh Phượng
